C:\Users\ksasao\Desktop\牛丼\すき家\1.png	すき家
C:\Users\ksasao\Desktop\牛丼\すき家\2.png	すき家
C:\Users\ksasao\Desktop\牛丼\すき家\3.jpg	すき家
C:\Users\ksasao\Desktop\牛丼\すき家\4.jpg	すき家
C:\Users\ksasao\Desktop\牛丼\なか卯\1.png	なか卯
C:\Users\ksasao\Desktop\牛丼\なか卯\images.jpg	なか卯
C:\Users\ksasao\Desktop\牛丼\なか卯\images80GUIXS3.jpg	なか卯
C:\Users\ksasao\Desktop\牛丼\吉野家\1.png	吉野家
C:\Users\ksasao\Desktop\牛丼\吉野家\images.jpg	吉野家
C:\Users\ksasao\Desktop\牛丼\吉野家\imagesP7WGWQ71.jpg	吉野家
C:\Users\ksasao\Desktop\牛丼\松屋\1.jpg	松屋
C:\Users\ksasao\Desktop\牛丼\松屋\30662750.jpg	松屋
C:\Users\ksasao\Desktop\牛丼\松屋\download.jpg	松屋
C:\Users\ksasao\Desktop\牛丼\松屋\images.jpg	松屋
